"hgvsc","hgvsp","cds_start","hgvsg_start","exon","consequence_VEP","revel_score","alphamissense_score","grantham_score","spliceAI_score","literature_germline_count_all","literature_germline_count_nfe","literature_germline_count_eas","literature_germline_cases_all","literature_germline_cases_nfe","literature_germline_cases_eas","literature_somatic","total_germline","single_recurrent_somatic","single_non_recurrent_somatic","multi_somatic"
"c.3G>A","NP_057306.2:p.Met1?",3,177516943,"Jan-17","start_lost",0.165,NA,NA,"DS_AL:0.06, DS_DL:0.01, DS_AG:0, DS_DG:0",166,133,0,34164,24691,6554,"p.Arg525His, p.Gly530Asp, p.Pro321Leu, p.Ile520Phe, p.Thr232Ala, p.Ala225Val, p.Ala346Val, p.Cys264Tyr, p.Arg471Leu, p.Arg519Leu, p.Asp344Glu, p.Gln208Glu, p.Glu413Gly, p.Gly530Arg, p.Gly530Ser, p.His91Pro, p.Leu548His, p.Leu552Arg, p.Leu552_Leu553dup, p.Leu87Pro, p.Phe354Leu, p.Pro560Leu, p.Ser405_Val408del, p.Val408Asp, p.Val445_Asp446del",262,128,27,3
"c.415_418dup","NP_057306.2:p.Asp140GlyfsTer2",414,177515949,"May-17","frameshift_variant",NA,NA,NA,"DS_AL:0.03, DS_DL:0.02, DS_AG:0.04, DS_DG:0",160,141,0,34164,24691,6554,"p.Arg525His, p.Gly530Asp, p.Pro321Leu, p.Cys264Tyr, p.Thr232Ala, p.Asp344Glu, p.Glu345Asp, p.Lys494Glu, p.Ala376Val, p.Gly402Leu, p.Gly530Ala, p.Gly530Arg, p.Gly589Arg, p.Leu126Ser, p.Leu269Met, p.Leu548His, p.Leu598Ile, p.Leu87His, p.Met378Ile, p.Pro265Leu, p.Pro379Gln, p.Val408Phe",235,108,19,4
"c.1496dup","NP_057306.2:p.Ala500CysfsTer9",1495,177512550,"14/17","frameshift_variant",NA,NA,NA,"DS_AL:0.06, DS_DL:0.01, DS_AG:0.02, DS_DG:0.02",103,4,99,34164,24691,6554,"p.Arg525His, p.Gly530Asp, p.Glu345Asp, p.Leu548His, p.Ala225Val, p.Ala346Thr, p.Asp344Glu, p.Asp490Tyr, p.Gln208Glu, p.Glu554Lys, p.His518Asn, p.Leu390Phe, p.Pro560Leu, p.Val517Glu",106,60,11,0
"c.121C>T","NP_057306.2:p.Gln41Ter",121,177516742,"Feb-17","stop_gained",NA,NA,NA,"DS_AL:0.02, DS_DL:0.01, DS_AG:0.01, DS_DG:0.15",43,37,1,34164,24691,6554,"p.Arg525His, p.Pro321Leu, p.Gly530Asp, p.Ala225Asp, p.Ala225Val, p.Ala346Pro, p.Glu113Lys, p.Gly228Cys, p.Leu496Gln, p.Lys494Glu, p.Pro560Leu, p.Val408Phe",51,22,9,3
"c.992_994del","NP_057306.2:p.Lys331del",992,177513789,"Oct-17","inframe_deletion",NA,NA,NA,"DS_AL:0.01, DS_DL:0.01, DS_AG:0.03, DS_DG:0.01",32,27,0,34164,24691,6554,"p.Arg525His, p.Gly530Asp, p.Asp344Glu, p.Thr227Met, p.Glu345Asp, p.Thr377Asn",45,24,1,2
"c.776A>G","NP_057306.2:p.Tyr259Cys",776,177514938,"Aug-17","missense_variant",0.378,"0.4864",194,"DS_AL:0, DS_DL:0, DS_AG:0.02, DS_DG:0.01",29,3,23,34164,24691,6554,"p.Arg525His, p.Thr227Met, p.Gly530Ser, p.Gly587Arg, p.Lys494Glu, p.Pro265Leu, p.Pro321Leu, p.Thr377Ala",39,26,4,2
"c.465G>A","NP_057306.2:p.Met155Ile",465,177515791,"Jun-17","missense_variant",0.669,"0.5169",10,"DS_AL:0.01, DS_DL:0, DS_AG:0, DS_DG:0",20,17,0,34164,24691,6554,"p.Thr227Ala, p.Glu113Lys",39,0,3,0
"c.653G>A","NP_057306.2:p.Gly218Asp",653,177515061,"Aug-17","missense_variant",0.531,"0.9992",94,"DS_AL:0, DS_DL:0, DS_AG:0.15, DS_DG:0",29,19,0,34164,24691,6554,"p.Arg525His, p.Gly530Asp, p.Gly530Cys, p.Pro265Leu",37,17,2,0
"c.517G>A","NP_057306.2:p.Gly173Arg",517,177515739,"Jun-17","missense_variant",0.454,"0.9927",125,"DS_AL:0, DS_DL:0, DS_AG:0, DS_DG:0.2",16,11,0,34164,24691,6554,"p.Arg525His, p.Gly530Asp, p.Thr227Met, p.Asp344Glu, p.Lys597Glu",35,19,1,6
"c.946_947del","NP_057306.2:p.Met316AspfsTer31",946,177513836,"Oct-17","frameshift_variant",NA,NA,NA,"DS_AL:0.03, DS_DL:0, DS_AG:0.01, DS_DG:0.02",11,8,0,34164,24691,6554,"p.Arg525His, p.Pro321Leu, p.Asp497Ala, p.Val408Gly",30,20,2,0
"c.773C>T","NP_057306.2:p.Pro258Leu",773,177514941,"Aug-17","missense_variant",0.641,"0.9887",98,"DS_AL:0.01, DS_DL:0, DS_AG:0, DS_DG:0",12,3,2,34164,24691,6554,"p.Arg525His, p.Gly530Ser, p.Leu548His",28,5,1,0
"c.1088_1090del","NP_057306.2:p.Ser363del",1088,177513693,"Oct-17","inframe_deletion",NA,NA,NA,"DS_AL:0.02, DS_DL:0.01, DS_AG:0.01, DS_DG:0.01",24,4,19,34164,24691,6554,"p.Arg525His, p.Asp344Glu, p.Gly530Ser, p.Arg323Cys, p.Gly530Asp, p.Leu87Phe",28,17,2,0
"c.931C>T","NP_057306.2:p.Arg311Ter",931,177514705,"Sep-17","stop_gained",NA,NA,NA,"DS_AL:0.02, DS_DL:0.07, DS_AG:0.05, DS_DG:0",15,11,2,34164,24691,6554,"p.Arg525His, p.Gly530Asp, p.Gln272Glu, p.Gly402Val",19,12,2,0
"c.649T>C","NP_057306.2:p.Ser217Pro",649,177515065,"Aug-17","missense_variant",0.235,"0.9902",74,"DS_AL:0.09, DS_DL:0, DS_AG:0, DS_DG:0",12,10,0,34164,24691,6554,"p.Arg525His, p.Gln208Glu, p.Gly228Cys, p.Gly530Asp, p.Pro321Leu",19,9,4,0
"c.560A>G","NP_057306.2:p.Lys187Arg",560,177515696,"Jun-17","missense_variant",0.058,"0.1302",26,"DS_AL:0.01, DS_DL:0.06, DS_AG:0.01, DS_DG:0.51",7,0,6,34164,24691,6554,"p.Thr227Ala",19,0,1,0
"c.475C>T","NP_057306.2:p.Arg159Ter",475,177515781,"Jun-17","stop_gained",NA,NA,NA,"DS_AL:0.01, DS_DL:0.03, DS_AG:0.01, DS_DG:0",8,4,1,34164,24691,6554,"p.Arg525His, p.Ala488Thr, p.Gln208Glu, p.Gly402Trp, p.Gly530Asp",18,6,3,1
"c.847del","NP_057306.2:p.Leu283CysfsTer21",847,177514789,"Sep-17","frameshift_variant",NA,NA,NA,"DS_AL:0.07, DS_DL:0, DS_AG:0.06, DS_DG:0.15",10,9,0,34164,24691,6554,"p.Arg525His, p.Ala488Thr, p.Gly530Asp, p.Val408Phe",17,6,2,1
"c.435-2_435-1delinsCA","p.?",435,177515822,NA,"splice_acceptor_variant",NA,NA,NA,"DS_AL:1, DS_DL:0.1, DS_AG:0.44, DS_DG:0",10,9,0,34164,24691,6554,"p.Arg525His, p.Gly530Ser, p.Pro321Leu",17,11,0,0
"c.1015C>T","NP_057306.2:p.Arg339Cys",1015,177513768,"Oct-17","missense_variant",0.328,"0.6968",180,"DS_AL:0.03, DS_DL:0, DS_AG:0.01, DS_DG:0.01",11,7,0,34164,24691,6554,"p.Arg525His, p.Thr227Met, p.Ile592Phe, p.Leu87Val, p.Pro321Leu, p.Thr377Ala",16,7,3,1
"c.1105C>G","NP_057306.2:p.Arg369Gly",1105,177513478,"Nov-17","missense_variant",0.376,"0.9981",125,"DS_AL:0.15, DS_DL:0.06, DS_AG:0, DS_DG:0.01",12,12,0,34164,24691,6554,"p.Arg525His, p.Ser4Ter, p.?, p.Glu2Ter, p.Glu450Lys, p.Gly530Asp, p.Ser4Trp, p.Val517Glu",16,4,6,0
"c.490C>T","NP_057306.2:p.Arg164Trp",490,177515766,"Jun-17","missense_variant",0.327,"0.8952",101,"DS_AL:0, DS_DL:0.03, DS_AG:0.01, DS_DG:0",3,1,0,34164,24691,6554,NA,16,0,0,0
"c.1105C>T","NP_057306.2:p.Arg369Ter",1105,177513478,"Nov-17","stop_gained",NA,NA,NA,"DS_AL:0.15, DS_DL:0.06, DS_AG:0.47, DS_DG:0",9,6,2,34164,24691,6554,"p.Arg525His, p.Gly530Cys, p.Pro265Leu",15,9,2,0
"c.1187T>C","NP_057306.2:p.Ile396Thr",1187,177513396,"Nov-17","missense_variant",0.897,"0.9702",89,"DS_AL:0.01, DS_DL:0.01, DS_AG:0, DS_DG:0",14,10,0,34164,24691,6554,"p.Arg525His, p.Glu113Lys, p.Glu345Asp, p.Gly586Arg, p.Gly586Trp, p.Leu406dup, p.Pro379Gln, p.Pro379Leu, p.Thr227Met, p.Thr377Ile",15,7,6,1
"c.1334_1336del","NP_057306.2:p.Val445del",1334,177512843,"13/17","inframe_deletion",NA,NA,NA,"DS_AL:0.01, DS_DL:0.04, DS_AG:0.03, DS_DG:0.08",11,9,0,34164,24691,6554,"p.Arg525His, p.Pro321Leu, p.Val517Glu",15,9,1,0
"c.305_306del","NP_057306.2:p.Lys102ArgfsTer32",305,177516186,"Apr-17","frameshift_variant",NA,NA,NA,"DS_AL:0.02, DS_DL:0.01, DS_AG:0.03, DS_DG:0",9,6,1,34164,24691,6554,"p.Arg525His, p.Arg471Gln, p.Ile520Phe, p.Pro379Gln, p.Ser375Gly",14,3,4,0
"c.571G>A","NP_057306.2:p.Ala191Thr",571,177515685,"Jun-17","missense_variant, splice_region_variant",0.069,"0.1493",58,"DS_AL:0.12, DS_DL:0.62, DS_AG:0.01, DS_DG:0.35",13,11,0,34164,24691,6554,"p.Arg525His, p.Ala225Asp, p.Gly530Asp",14,9,1,1
"c.1018T>A","NP_057306.2:p.Tyr340Asn",1018,177513765,"Oct-17","missense_variant",0.573,"0.9763",143,"DS_AL:0, DS_DL:0, DS_AG:0, DS_DG:0",11,8,0,34164,24691,6554,"p.Arg525His, p.Leu496Gln",14,8,1,0
"c.19G>T","NP_057306.2:p.Glu7Ter",19,177516927,"Jan-17","stop_gained",NA,NA,NA,"DS_AL:0.03, DS_DL:0.01, DS_AG:0, DS_DG:0",13,0,13,34164,24691,6554,"p.Arg525His, p.Pro321Leu, p.Gly228Cys, p.Gly530Asp",14,5,1,2
"c.138+1G>C","p.?",138,177516724,NA,"splice_donor_variant",NA,NA,NA,"DS_AL:0.33, DS_DL:0.99, DS_AG:0, DS_DG:0.04",6,6,0,34164,24691,6554,"p.Arg525His, p.Pro321Leu, p.Pro379Leu",14,5,2,1
"c.656G>A","NP_057306.2:p.Arg219His",656,177515058,"Aug-17","missense_variant",0.488,"0.7003",29,"DS_AL:0.01, DS_DL:0, DS_AG:0.13, DS_DG:0",7,5,1,34164,24691,6554,"p.Ile116Asn, p.Thr227Ala",12,0,2,0
